<?xml version="1.0"?>
<Patient xmlns="http://hl7.org/fhir">
  <identifier>
    <system value="http://hl7.org/fhir/sid/us-ssn"/>
    <value value="111111"/>
  </identifier>
  <name>
    <family value="Kowalski"/>
    <given value="Jan"/>
    <prefix value="Mr"/>
    <suffix value="III"/>
  </name>
  <telecom>
    <system value="phone"/>
    <value value="4444444444"/>
    <use value="home"/>
  </telecom>
  <telecom>
    <system value="phone"/>
    <value value="5555555555"/>
    <use value="work"/>
  </telecom>
  <gender value="male"/>
  <birthDate value="2011-01-05"/>
  <deceasedDateTime value="2016-07-09T22:44:41+02:00"/>
  <address>
    <line value="RandomStreet"/>
  </address>
  <address>
    <city value="RandomCity"/>
  </address>
  <address>
    <state value="RandomState"/>
  </address>
  <address>
    <postalCode value="3333"/>
  </address>
  <maritalStatus>
    <coding>
      <system value="http://hl7.org/fhir/v3/MaritalStatus"/>
      <code value="M"/>
    </coding>
  </maritalStatus>
</Patient>
