{
    "address": [
        {
            "line": [
                "RandomStreet"
            ]
        },
        {
            "city": "RandomCity"
        },
        {
            "state": "RandomState"
        },
        {
            "postalCode": "3333"
        }
    ],
    "birthDate": "2011-01-05",
    "deceasedDateTime": "2016-07-09T22:44:41+02:00",
    "gender": "male",
    "identifier": [
        {
            "system": "http://hl7.org/fhir/sid/us-ssn",
            "value": "111111"
        }
    ],
    "maritalStatus": {
        "coding": [
            {
                "code": "M",
                "system": "http://hl7.org/fhir/v3/MaritalStatus"
            }
        ]
    },
    "name": [
        {
            "family": [
                "Kowalski"
            ],
            "given": [
                "Jan"
            ],
            "prefix": [
                "Mr"
            ],
            "suffix": [
                "III"
            ]
        }
    ],
    "resourceType": "Patient",
    "telecom": [
        {
            "system": "phone",
            "use": "home",
            "value": "4444444444"
        },
        {
            "system": "phone",
            "use": "work",
            "value": "5555555555"
        }
    ]
}
